{"accuracy": 0.20412371134020618, "precision": 0.04598057457964579, "recall": 0.050647589790268135, "f1_score": 0.043317070740380215}