{"accuracy": 0.21237113402061855, "precision": 0.06511015934561297, "recall": 0.05802213535317416, "f1_score": 0.054089172968451726}